{
	"schemaVersion": 1,
	"id": "veinminer",
	"version": "${version}",
	"name": "VeinMiner",
	"description": "This is an example description! Tell everyone what your mod is about!",
	"authors": [
		"Me!"
	],
	"contact": {
		"homepage": "https://fabricmc.net/",
		"sources": "https://github.com/FabricMC/fabric-example-mod"
	},
	"license": "CC0-1.0",
	"environment": "*",
	"entrypoints": {
		"main": [
			"com.bigboibeef.veinminer.VeinMiner"
		]
	},
	"depends": {
		"fabricloader": ">=0.16.13",
		"minecraft": "~1.21",
		"java": ">=21",
		"fabric-api": "*"
	},
	"suggests": {
		"another-mod": "*"
	}
}